<?xml version="1.0" encoding="UTF-8" standalone="yes"?>
<addon id="script.artwork.dump.mod" name="Artwork Dump" version="1.0.0" provider-name="mariango2">
	<requires>
		<import addon="xbmc.python" version="3.0.0" />
		<import addon="xbmc.json" version="6.20.0" />
		<import addon="script.module.requests" version="2.9.1" />
	</requires>
	<extension point="xbmc.python.script" library="python/default.py">
		<provides>executable</provides>
	</extension>
	<extension point="kodi.context.item">
		<menu id="kodi.core.main">
			<menu id="kodi.core.manage">
				<item library="python/context.py">
					<label>AD: $ADDON[script.artwork.dump.mod 32410]</label>
					<visible>Skin.HasSetting(enablecontext:script.artwork.dump.mod) + [String.IsEqual(ListItem.DBTYPE, movie) | String.IsEqual(ListItem.DBTYPE, set) | String.IsEqual(ListItem.DBTYPE, tvshow) | String.IsEqual(ListItem.DBTYPE, season) | String.IsEqual(ListItem.DBTYPE, episode) | String.IsEqual(ListItem.DBTYPE, musicvideo)]</visible>
				</item>
			</menu>
			<item library="python/context.py">
				<label>AD: $ADDON[script.artwork.dump.mod 32410]</label>
				<visible>Skin.HasSetting(enablecontext:script.artwork.dump.mod) + [String.IsEqual(ListItem.DBTYPE, artist) | String.IsEqual(ListItem.DBTYPE, album) | String.IsEqual(ListItem.DBTYPE, song)]</visible>
			</item>
		</menu>
	</extension>
	<extension point="xbmc.service" library="python/service.py" />
	<extension point="xbmc.addon.metadata">
		<summary lang="en_GB">Automatically download artwork for your media.</summary>
		<description lang="en_GB">Artwork Dump automatically downloads artwork for media in your video and music libraries into your media file system. It only downloads artwork already added to your libraries.</description>
		<source>https://github.com/mariango2/script.artwork.dump.mod</source>
		<license>The MIT License</license>
		<platform>all</platform>
		<assets>
			<icon>icon.png</icon>
		</assets>
	</extension>
</addon>
