<?xml version="1.0" encoding="UTF-8" standalone="yes"?>
<addon id="script.module.trakt.mod"
       name="Trakt Python API"
       version="1.0.0"
       provider-name="mariango2">
  <requires>
    <import addon="xbmc.python" version="3.0.0"/>
    <import addon="script.module.requests" version="2.16.1"/>
    <import addon="script.module.six" version="1.10.0"/>
    <import addon="script.module.arrow" version="1.0.3"/>
  </requires>
  <extension point="xbmc.python.module"
             library="lib" />
  <extension point="xbmc.addon.metadata">
    <summary lang="en_GB">Python interface for the trakt.tv API</summary>
    <description lang="en_GB">Packed for Kodi from https://github.com/fuzeman/trakt.py</description>
    <platform>all</platform>
    <license>MIT</license>
    <source>https://github.com/mariango2/script.module.trakt.mod</source>
    <assets>
      <icon>icon.png</icon>
    </assets>
  </extension>
</addon>
