<?xml version="1.0" encoding="UTF-8"?>
<addon id="skin.estuary.mod" version="1.2.1~omega" name="Estuary Mod" provider-name="mariango2">
	<requires>
		<import addon="xbmc.gui" version="5.17.0"/>
	</requires>
	<extension point="xbmc.gui.skin" debugging="false">
		<res width="1920" height="1440" aspect="4:3" default="false" folder="xml" />
		<res width="1920" height="1280" aspect="3:2" default="false" folder="xml" />
		<res width="1920" height="1200" aspect="16:10" default="false" folder="xml" />
		<res width="2040" height="1080" aspect="17:9" default="false" folder="xml" />
		<res width="1920" height="1080" aspect="16:9" default="true" folder="xml" />
		<res width="2560" height="1080" aspect="21:9" default="false" folder="xml" />
		<res width="2338" height="1080" aspect="19.5:9" default="false" folder="xml" />
		<res width="2160" height="1080" aspect="18:9" default="false" folder="xml" />
	</extension>
	<extension point="xbmc.addon.metadata">
		<platform>all</platform>
		<license>CC BY-SA 4.0, GNU GENERAL PUBLIC LICENSE Version 2.0</license>
		<source>https://github.com/mariango2/skin.estuary.mod/</source>
		<assets>
			<icon>resources/icon.png</icon>
			<fanart>resources/fanart.jpg</fanart>
			<screenshot>resources/screenshot-01.jpg</screenshot>
			<screenshot>resources/screenshot-02.jpg</screenshot>
			<screenshot>resources/screenshot-03.jpg</screenshot>
			<screenshot>resources/screenshot-04.jpg</screenshot>
			<screenshot>resources/screenshot-05.jpg</screenshot>
			<screenshot>resources/screenshot-06.jpg</screenshot>
			<screenshot>resources/screenshot-07.jpg</screenshot>
			<screenshot>resources/screenshot-08.jpg</screenshot>
		</assets>
		<summary lang="de_DE">Estuary Skin modifiziert von mariango2.</summary>
		<summary lang="en_GB">Estuary skin modified by mariango2.</summary>
		<summary lang="en_NZ">Estuary skin modified by mariango2.</summary>
		<summary lang="en_US">Estuary skin modified by mariango2.</summary>
		<description lang="de_DE">Estuary ist der Standardskin für Kodi 17.0 und höher. Diese Modifizierung versteckt die Bewertungen von IMDB, TMDB, etc.</description>
		<description lang="en_GB">Estuary is the default skin for Kodi 17.0 and above. This modification hides the ratings from IMDB, TDMB, etc.</description>
		<description lang="en_NZ">Estuary is the default skin for Kodi 17.0 and above. This modification hides the ratings from IMDB, TDMB, etc.</description>
		<description lang="en_US">Estuary is the default skin for Kodi 17.0 and above. This modification hides the ratings from IMDB, TDMB, etc.</description>
	</extension>
</addon>
