<?xml version="1.0" encoding="UTF-8" standalone="yes"?>
<addon id="repository.mariango2" name="Mariango2 Repo" version="1.0.0" provider-name="mariango2">
    <extension point="xbmc.addon.repository" name="Example Repository">
        <dir>
            <info compressed="false">https://raw.githubusercontent.com/mariango2/repository.mariango2/master/repo/zips/addons.xml</info>
            <checksum>https://raw.githubusercontent.com/mariango2/repository.mariango2/master/repo/zips/addons.xml.md5</checksum>
            <datadir zip="true">https://raw.githubusercontent.com/mariango2/repository.mariango2/master/repo/zips/</datadir>
        </dir>
    </extension>
    <extension point="xbmc.addon.metadata">
        <summary>Mariango2 Repo</summary>
        <description>Mariango2 Repo</description>
        <disclaimer></disclaimer>
        <platform>all</platform>
        <assets>
            <icon>icon.png</icon>
            <fanart>fanart.jpg</fanart>
        </assets>
    </extension>
</addon>